split,label_type,class,count,percentage
train,diagnosis,0,1263,49.3
train,diagnosis,1,259,10.11
train,diagnosis,2,699,27.28
train,diagnosis,3,135,5.27
train,diagnosis,4,206,8.04
train,binary_label,0,1263,49.3
train,binary_label,1,1299,50.7
val,diagnosis,0,181,49.32
val,diagnosis,1,37,10.08
val,diagnosis,2,100,27.25
val,diagnosis,3,19,5.18
val,diagnosis,4,30,8.17
val,binary_label,0,181,49.32
val,binary_label,1,186,50.68
test,diagnosis,0,361,49.25
test,diagnosis,1,74,10.1
test,diagnosis,2,200,27.29
test,diagnosis,3,39,5.32
test,diagnosis,4,59,8.05
test,binary_label,0,361,49.25
test,binary_label,1,372,50.75
